EmployeeNumber,Password
1,emp1234
2,emp1235
4,emp1236
5,emp123
7,emp1238
8,emp1239
10,emp1240
11,emp1241
12,emp1242
13,emp1243
14,emp1234
15,emp1255
16,emp1256
18,emp1257
19,emp1258
20,emp1259
21,emp1260
22,emp1261
23,emp1262
24,emp1263
26,emp1264
27,emp1265
28,emp1266
30,emp1267
31,emp1268
32,emp1269
33,emp1270
35,emp1271
36,emp1272
38,emp1273
39,emp1274
40,emp1275
41,emp1276
42,emp1277
45,emp1278
46,emp1279
47,emp1280
49,emp1281
51,emp1282
52,emp1283
53,emp1284
54,emp1285
55,emp1286
56,emp1287
57,emp1288
58,emp1289
60,emp1290
61,emp1291
62,emp1292
63,emp1293
64,emp1294
65,emp1295
68,emp1296
70,emp1297
72,emp1298
73,emp1299
74,emp1300
75,emp1301
76,emp1302
77,emp1303
78,emp1304
79,emp1305
80,emp1306
81,emp1307
83,emp1308
84,emp1309
85,emp1310
86,emp1311
88,emp1312
90,emp1313
91,emp1314
94,emp1315
95,emp1316
96,emp1317
97,emp1318
98,emp1319
100,emp1320
101,emp1321
102,emp1322
103,emp1323
104,emp1324
105,emp1325
106,emp1326
107,emp1327
110,emp1328
112,emp1329
113,emp1330
116,emp1331
117,emp1332
118,emp1333
119,emp1334
120,emp1335
121,emp1336
124,emp1337
125,emp1338
126,emp1339
128,emp1340
129,emp1341
131,emp1342
132,emp1343
133,emp1344
134,emp1345
137,emp1346
138,emp1347
139,emp1348
140,emp1349
141,emp1350
142,emp1351
143,emp1352
144,emp1353
145,emp1354
147,emp1355
148,emp1356
150,emp1357
151,emp1358
152,emp1359
153,emp1360
154,emp1361
155,emp1362
158,emp1363
159,emp1364
160,emp1365
161,emp1366
162,emp1367
163,emp1368
164,emp1369
165,emp1370
167,emp1371
169,emp1372
170,emp1373
171,emp1374
174,emp1375
175,emp1376
176,emp1377
177,emp1378
178,emp1379
179,emp1380
182,emp1381
183,emp1382
184,emp1383
190,emp1384
192,emp1385
193,emp1386
194,emp1387
195,emp1388
197,emp1389
198,emp1390
199,emp1391
200,emp1392
201,emp1393
202,emp1394
204,emp1395
205,emp1396
206,emp1397
207,emp1398
208,emp1399
211,emp1400
214,emp1401
215,emp1402
216,emp1403
217,emp1404
218,emp1405
221,emp1406
223,emp1407
224,emp1408
226,emp1409
227,emp1410
228,emp1411
230,emp1412
231,emp1413
233,emp1414
235,emp1415
238,emp1416
239,emp1417
240,emp1418
241,emp1419
242,emp1420
243,emp1421
244,emp1422
245,emp1423
246,emp1424
247,emp1425
248,emp1426
249,emp1427
250,emp1428
252,emp1429
253,emp1430
254,emp1431
256,emp1432
258,emp1433
259,emp1434
260,emp1435
261,emp1436
262,emp1437
264,emp1438
267,emp1439
269,emp1440
270,emp1441
271,emp1442
273,emp1443
274,emp1444
275,emp1445
277,emp1446
281,emp1447
282,emp1448
283,emp1449
284,emp1450
286,emp1451
287,emp1452
288,emp1453
291,emp1454
292,emp1455
293,emp1456
296,emp1457
297,emp1458
298,emp1459
299,emp1460
300,emp1461
302,emp1462
303,emp1463
304,emp1464
305,emp1465
306,emp1466
307,emp1467
308,emp1468
309,emp1469
311,emp1470
312,emp1471
314,emp1472
315,emp1473
316,emp1474
319,emp1475
321,emp1476
323,emp1477
325,emp1478
327,emp1479
328,emp1480
329,emp1481
330,emp1482
331,emp1483
332,emp1484
333,emp1485
334,emp1486
335,emp1487
336,emp1488
337,emp1489
338,emp1490
339,emp1491
340,emp1492
341,emp1493
342,emp1494
343,emp1495
346,emp1496
347,emp1497
349,emp1498
350,emp1499
351,emp1500
352,emp1501
353,emp1502
355,emp1503
359,emp1504
361,emp1505
362,emp1506
363,emp1507
364,emp1508
366,emp1509
367,emp1510
369,emp1511
372,emp1512
373,emp1513
374,emp1514
376,emp1515
377,emp1516
378,emp1517
379,emp1518
380,emp1519
381,emp1520
382,emp1521
384,emp1522
385,emp1523
386,emp1524
387,emp1525
388,emp1526
389,emp1527
390,emp1528
391,emp1529
392,emp1530
393,emp1531
394,emp1532
395,emp1533
396,emp1534
397,emp1535
399,emp1536
401,emp1537
403,emp1538
404,emp1539
405,emp1540
406,emp1541
407,emp1542
408,emp1543
410,emp1544
411,emp1545
412,emp1546
416,emp1547
417,emp1548
419,emp1549
420,emp1550
421,emp1551
422,emp1552
423,emp1553
424,emp1554
425,emp1555
426,emp1556
428,emp1557
429,emp1558
430,emp1559
431,emp1560
433,emp1561
434,emp1562
436,emp1563
437,emp1564
438,emp1565
439,emp1566
440,emp1567
441,emp1568
442,emp1569
444,emp1570
445,emp1571
446,emp1572
447,emp1573
448,emp1574
449,emp1575
450,emp1576
451,emp1577
452,emp1578
453,emp1579
454,emp1580
455,emp1581
456,emp1582
458,emp1583
460,emp1584
461,emp1585
462,emp1586
463,emp1587
464,emp1588
465,emp1589
466,emp1590
467,emp1591
468,emp1592
469,emp1593
470,emp1594
471,emp1595
473,emp1596
474,emp1597
475,emp1598
476,emp1599
477,emp1600
478,emp1601
479,emp1602
481,emp1603
482,emp1604
483,emp1605
484,emp1606
485,emp1607
486,emp1608
487,emp1609
488,emp1610
491,emp1611
492,emp1612
493,emp1613
494,emp1614
495,emp1615
496,emp1616
497,emp1617
498,emp1618
499,emp1619
500,emp1620
501,emp1621
502,emp1622
505,emp1623
507,emp1624
508,emp1625
510,emp1626
511,emp1627
513,emp1628
514,emp1629
515,emp1630
516,emp1631
517,emp1632
518,emp1633
520,emp1634
521,emp1635
522,emp1636
523,emp1637
524,emp1638
525,emp1639
526,emp1640
527,emp1641
529,emp1642
530,emp1643
531,emp1644
532,emp1645
533,emp1646
534,emp1647
536,emp1648
538,emp1649
543,emp1650
544,emp1651
546,emp1652
547,emp1653
548,emp1654
549,emp1655
550,emp1656
551,emp1657
554,emp1658
555,emp1659
556,emp1660
558,emp1661
560,emp1662
562,emp1663
564,emp1664
565,emp1665
566,emp1666
567,emp1667
568,emp1668
569,emp1669
571,emp1670
573,emp1671
574,emp1672
575,emp1673
577,emp1674
578,emp1675
579,emp1676
580,emp1677
581,emp1678
582,emp1679
584,emp1680
585,emp1681
586,emp1682
587,emp1683
590,emp1684
591,emp1685
592,emp1686
593,emp1687
595,emp1688
597,emp1689
599,emp1690
600,emp1691
601,emp1692
602,emp1693
604,emp1694
605,emp1695
606,emp1696
608,emp1697
611,emp1698
612,emp1699
613,emp1700
614,emp1701
615,emp1702
616,emp1703
618,emp1704
620,emp1705
621,emp1706
622,emp1707
623,emp1708
624,emp1709
625,emp1710
626,emp1711
630,emp1712
631,emp1713
632,emp1714
634,emp1715
635,emp1716
638,emp1717
639,emp1718
641,emp1719
643,emp1720
644,emp1721
645,emp1722
647,emp1723
648,emp1724
649,emp1725
650,emp1726
652,emp1727
653,emp1728
655,emp1729
656,emp1730
657,emp1731
659,emp1732
661,emp1733
662,emp1734
663,emp1735
664,emp1736
665,emp1737
666,emp1738
667,emp1739
669,emp1740
671,emp1741
675,emp1742
677,emp1743
679,emp1744
680,emp1745
682,emp1746
683,emp1747
684,emp1748
686,emp1749
689,emp1750
690,emp1751
691,emp1752
692,emp1753
698,emp1754
699,emp1755
700,emp1756
701,emp1757
702,emp1758
704,emp1759
705,emp1760
707,emp1761
709,emp1762
710,emp1763
712,emp1764
714,emp1765
715,emp1766
716,emp1767
717,emp1768
720,emp1769
721,emp1770
722,emp1771
723,emp1772
724,emp1773
725,emp1774
727,emp1775
728,emp1776
729,emp1777
730,emp1778
731,emp1779
732,emp1780
733,emp1781
734,emp1782
738,emp1783
741,emp1784
742,emp1785
743,emp1786
744,emp1787
746,emp1788
747,emp1789
749,emp1790
752,emp1791
754,emp1792
757,emp1793
758,emp1794
760,emp1795
762,emp1796
763,emp1797
764,emp1798
766,emp1799
769,emp1800
771,emp1801
772,emp1802
773,emp1803
775,emp1804
776,emp1805
780,emp1806
781,emp1807
783,emp1808
784,emp1809
785,emp1810
786,emp1811
787,emp1812
789,emp1813
791,emp1814
792,emp1815
793,emp1816
796,emp1817
797,emp1818
799,emp1819
800,emp1820
802,emp1821
803,emp1822
804,emp1823
805,emp1824
806,emp1825
807,emp1826
808,emp1827
809,emp1828
811,emp1829
812,emp1830
813,emp1831
815,emp1832
816,emp1833
817,emp1834
819,emp1835
820,emp1836
823,emp1837
824,emp1838
825,emp1839
826,emp1840
827,emp1841
828,emp1842
829,emp1843
830,emp1844
832,emp1845
833,emp1846
834,emp1847
836,emp1848
837,emp1849
838,emp1850
840,emp1851
842,emp1852
843,emp1853
844,emp1854
845,emp1855
846,emp1856
847,emp1857
848,emp1858
850,emp1859
851,emp1860
852,emp1861
854,emp1862
855,emp1863
856,emp1864
857,emp1865
859,emp1866
861,emp1867
862,emp1868
864,emp1869
865,emp1870
867,emp1871
868,emp1872
869,emp1873
872,emp1874
874,emp1875
875,emp1876
878,emp1877
879,emp1878
880,emp1879
881,emp1880
882,emp1881
885,emp1882
887,emp1883
888,emp1884
889,emp1885
893,emp1886
894,emp1887
895,emp1888
896,emp1889
897,emp1890
899,emp1891
900,emp1892
901,emp1893
902,emp1894
903,emp1895
904,emp1896
905,emp1897
909,emp1898
910,emp1899
911,emp1900
912,emp1901
913,emp1902
916,emp1903
918,emp1904
920,emp1905
922,emp1906
923,emp1907
924,emp1908
925,emp1909
926,emp1910
927,emp1911
930,emp1912
932,emp1913
933,emp1914
934,emp1915
936,emp1916
939,emp1917
940,emp1918
941,emp1919
942,emp1920
944,emp1921
945,emp1922
947,emp1923
949,emp1924
950,emp1925
951,emp1926
952,emp1927
954,emp1928
956,emp1929
957,emp1930
958,emp1931
959,emp1932
960,emp1933
961,emp1934
964,emp1935
966,emp1936
967,emp1937
969,emp1938
970,emp1939
972,emp1940
974,emp1941
975,emp1942
976,emp1943
977,emp1944
981,emp1945
982,emp1946
983,emp1947
984,emp1948
985,emp1949
986,emp1950
987,emp1951
990,emp1952
991,emp1953
992,emp1954
994,emp1955
995,emp1956
996,emp1957
997,emp1958
998,emp1959
999,emp1960
1001,emp1961
1002,emp1962
1003,emp1963
1004,emp1964
1005,emp1965
1006,emp1966
1007,emp1967
1009,emp1968
1010,emp1969
1011,emp1970
1012,emp1971
1013,emp1972
1014,emp1973
1015,emp1974
1016,emp1975
1017,emp1976
1018,emp1977
1019,emp1978
1022,emp1979
1024,emp1980
1025,emp1981
1026,emp1982
1027,emp1983
1028,emp1984
1029,emp1985
1030,emp1986
1032,emp1987
1033,emp1988
1034,emp1989
1035,emp1990
1036,emp1991
1037,emp1992
1038,emp1993
1039,emp1994
1040,emp1995
1042,emp1996
1043,emp1997
1044,emp1998
1045,emp1999
1046,emp2000
1047,emp2001
1048,emp2002
1049,emp2003
1050,emp2004
1052,emp2005
1053,emp2006
1055,emp2007
1056,emp2008
1060,emp2009
1061,emp2010
1062,emp2011
1066,emp2012
1068,emp2013
1069,emp2014
1070,emp2015
1071,emp2016
1073,emp2017
1074,emp2018
1076,emp2019
1077,emp2020
1079,emp2021
1080,emp2022
1081,emp2023
1082,emp2024
1083,emp2025
1084,emp2026
1085,emp2027
1088,emp2028
1092,emp2029
1094,emp2030
1096,emp2031
1097,emp2032
1098,emp2033
1099,emp2034
1100,emp2035
1101,emp2036
1102,emp2037
1103,emp2038
1105,emp2039
1106,emp2040
1107,emp2041
1108,emp2042
1109,emp2043
1111,emp2044
1113,emp2045
1114,emp2046
1115,emp2047
1116,emp2048
1117,emp2049
1118,emp2050
1119,emp2051
1120,emp2052
1121,emp2053
1124,emp2054
1125,emp2055
1126,emp2056
1127,emp2057
1128,emp2058
1131,emp2059
1132,emp2060
1133,emp2061
1135,emp2062
1136,emp2063
1137,emp2064
1138,emp2065
1140,emp2066
1143,emp2067
1148,emp2068
1150,emp2069
1152,emp2070
1154,emp2071
1156,emp2072
1157,emp2073
1158,emp2074
1160,emp2075
1161,emp2076
1162,emp2077
1163,emp2078
1164,emp2079
1165,emp2080
1166,emp2081
1167,emp2082
1171,emp2083
1172,emp2084
1173,emp2085
1175,emp2086
1177,emp2087
1179,emp2088
1180,emp2089
1182,emp2090
1184,emp2091
1185,emp2092
1188,emp2093
1190,emp2094
1191,emp2095
1192,emp2096
1193,emp2097
1195,emp2098
1196,emp2099
1198,emp2100
1200,emp2101
1201,emp2102
1202,emp2103
1203,emp2104
1204,emp2105
1206,emp2106
1207,emp2107
1210,emp2108
1211,emp2109
1212,emp2110
1215,emp2111
1216,emp2112
1217,emp2113
1218,emp2114
1219,emp2115
1220,emp2116
1221,emp2117
1224,emp2118
1225,emp2119
1226,emp2120
1228,emp2121
1231,emp2122
1233,emp2123
1234,emp2124
1235,emp2125
1237,emp2126
1238,emp2127
1239,emp2128
1240,emp2129
1241,emp2130
1242,emp2131
1243,emp2132
1244,emp2133
1245,emp2134
1246,emp2135
1248,emp2136
1249,emp2137
1250,emp2138
1251,emp2139
1252,emp2140
1254,emp2141
1255,emp2142
1256,emp2143
1257,emp2144
1258,emp2145
1259,emp2146
1260,emp2147
1263,emp2148
1264,emp2149
1265,emp2150
1267,emp2151
1268,emp2152
1269,emp2153
1270,emp2154
1273,emp2155
1275,emp2156
1277,emp2157
1278,emp2158
1279,emp2159
1280,emp2160
1281,emp2161
1282,emp2162
1283,emp2163
1285,emp2164
1286,emp2165
1288,emp2166
1289,emp2167
1291,emp2168
1292,emp2169
1293,emp2170
1294,emp2171
1295,emp2172
1296,emp2173
1297,emp2174
1298,emp2175
1299,emp2176
1301,emp2177
1303,emp2178
1304,emp2179
1306,emp2180
1307,emp2181
1308,emp2182
1309,emp2183
1310,emp2184
1311,emp2185
1312,emp2186
1314,emp2187
1315,emp2188
1317,emp2189
1318,emp2190
1319,emp2191
1321,emp2192
1322,emp2193
1324,emp2194
1329,emp2195
1331,emp2196
1333,emp2197
1334,emp2198
1336,emp2199
1338,emp2200
1340,emp2201
1344,emp2202
1346,emp2203
1349,emp2204
1350,emp2205
1352,emp2206
1355,emp2207
1356,emp2208
1358,emp2209
1360,emp2210
1361,emp2211
1362,emp2212
1363,emp2213
1364,emp2214
1367,emp2215
1368,emp2216
1369,emp2217
1371,emp2218
1372,emp2219
1373,emp2220
1374,emp2221
1375,emp2222
1377,emp2223
1379,emp2224
1380,emp2225
1382,emp2226
1383,emp2227
1387,emp2228
1389,emp2229
1390,emp2230
1391,emp2231
1392,emp2232
1394,emp2233
1395,emp2234
1396,emp2235
1397,emp2236
1399,emp2237
1401,emp2238
1402,emp2239
1403,emp2240
1405,emp2241
1407,emp2242
1408,emp2243
1409,emp2244
1411,emp2245
1412,emp2246
1415,emp2247
1417,emp2248
1419,emp2249
1420,emp2250
1421,emp2251
1422,emp2252
1423,emp2253
1424,emp2254
1425,emp2255
1427,emp2256
1428,emp2257
1430,emp2258
1431,emp2259
1433,emp2260
1434,emp2261
1435,emp2262
1436,emp2263
1438,emp2264
1439,emp2265
1440,emp2266
1441,emp2267
1443,emp2268
1445,emp2269
1446,emp2270
1447,emp2271
1448,emp2272
1449,emp2273
1453,emp2274
1457,emp2275
1458,emp2276
1459,emp2277
1460,emp2278
1461,emp2279
1464,emp2280
1465,emp2281
1466,emp2282
1467,emp2283
1468,emp2284
1469,emp2285
1471,emp2286
1472,emp2287
1473,emp2288
1474,emp2289
1475,emp2290
1477,emp2291
1478,emp2292
1479,emp2293
1480,emp2294
1481,emp2295
1482,emp2296
1483,emp2297
1484,emp2298
1485,emp2299
1486,emp2300
1487,emp2301
1489,emp2302
1492,emp2303
1494,emp2304
1495,emp2305
1496,emp2306
1497,emp2307
1499,emp2308
1501,emp2309
1502,emp2310
1503,emp2311
1504,emp2312
1506,emp2313
1507,emp2314
1509,emp2315
1513,emp2316
1514,emp2317
1515,emp2318
1516,emp2319
1520,emp2320
1522,emp2321
1523,emp2322
1525,emp2323
1527,emp2324
1529,emp2325
1533,emp2326
1534,emp2327
1535,emp2328
1537,emp2329
1539,emp2330
1541,emp2331
1542,emp2332
1543,emp2333
1544,emp2334
1545,emp2335
1546,emp2336
1547,emp2337
1548,emp2338
1549,emp2339
1550,emp2340
1551,emp2341
1552,emp2342
1553,emp2343
1554,emp2344
1555,emp2345
1556,emp2346
1557,emp2347
1558,emp2348
1560,emp2349
1562,emp2350
1563,emp2351
1564,emp2352
1568,emp2353
1569,emp2354
1572,emp2355
1573,emp2356
1574,emp2357
1576,emp2358
1577,emp2359
1578,emp2360
1580,emp2361
1581,emp2362
1582,emp2363
1583,emp2364
1585,emp2365
1586,emp2366
1587,emp2367
1588,emp2368
1590,emp2369
1591,emp2370
1592,emp2371
1594,emp2372
1595,emp2373
1596,emp2374
1597,emp2375
1598,emp2376
1599,emp2377
1601,emp2378
1602,emp2379
1604,emp2380
1605,emp2381
1606,emp2382
1607,emp2383
1608,emp2384
1609,emp2385
1611,emp2386
1612,emp2387
1613,emp2388
1614,emp2389
1615,emp2390
1617,emp2391
1618,emp2392
1619,emp2393
1621,emp2394
1622,emp2395
1623,emp2396
1624,emp2397
1625,emp2398
1627,emp2399
1628,emp2400
1630,emp2401
1631,emp2402
1633,emp2403
1635,emp2404
1638,emp2405
1639,emp2406
1640,emp2407
1641,emp2408
1642,emp2409
1644,emp2410
1645,emp2411
1646,emp2412
1647,emp2413
1648,emp2414
1649,emp2415
1650,emp2416
1651,emp2417
1653,emp2418
1654,emp2419
1655,emp2420
1656,emp2421
1657,emp2422
1658,emp2423
1659,emp2424
1661,emp2425
1662,emp2426
1664,emp2427
1665,emp2428
1666,emp2429
1667,emp2430
1668,emp2431
1669,emp2432
1670,emp2433
1671,emp2434
1673,emp2435
1674,emp2436
1675,emp2437
1676,emp2438
1677,emp2439
1678,emp2440
1680,emp2441
1681,emp2442
1682,emp2443
1683,emp2444
1684,emp2445
1687,emp2446
1689,emp2447
1691,emp2448
1692,emp2449
1693,emp2450
1694,emp2451
1696,emp2452
1697,emp2453
1698,emp2454
1700,emp2455
1701,emp2456
1702,emp2457
1703,emp2458
1704,emp2459
1706,emp2460
1707,emp2461
1708,emp2462
1709,emp2463
1710,emp2464
1712,emp2465
1714,emp2466
1716,emp2467
1718,emp2468
1719,emp2469
1720,emp2470
1721,emp2471
1722,emp2472
1724,emp2473
1725,emp2474
1727,emp2475
1728,emp2476
1729,emp2477
1731,emp2478
1732,emp2479
1733,emp2480
1734,emp2481
1735,emp2482
1736,emp2483
1737,emp2484
1739,emp2485
1740,emp2486
1744,emp2487
1745,emp2488
1746,emp2489
1747,emp2490
1749,emp2491
1751,emp2492
1752,emp2493
1753,emp2494
1754,emp2495
1755,emp2496
1756,emp2497
1757,emp2498
1758,emp2499
1760,emp2500
1761,emp2501
1762,emp2502
1763,emp2503
1764,emp2504
1766,emp2505
1767,emp2506
1768,emp2507
1770,emp2508
1771,emp2509
1772,emp2510
1774,emp2511
1775,emp2512
1778,emp2513
1779,emp2514
1780,emp2515
1782,emp2516
1783,emp2517
1784,emp2518
1786,emp2519
1787,emp2520
1789,emp2521
1790,emp2522
1792,emp2523
1794,emp2524
1797,emp2525
1798,emp2526
1799,emp2527
1800,emp2528
1801,emp2529
1802,emp2530
1803,emp2531
1804,emp2532
1805,emp2533
1807,emp2534
1809,emp2535
1812,emp2536
1813,emp2537
1814,emp2538
1815,emp2539
1816,emp2540
1818,emp2541
1821,emp2542
1822,emp2543
1823,emp2544
1824,emp2545
1826,emp2546
1827,emp2547
1829,emp2548
1830,emp2549
1833,emp2550
1834,emp2551
1835,emp2552
1836,emp2553
1837,emp2554
1839,emp2555
1842,emp2556
1844,emp2557
1845,emp2558
1847,emp2559
1849,emp2560
1850,emp2561
1852,emp2562
1853,emp2563
1854,emp2564
1856,emp2565
1857,emp2566
1858,emp2567
1859,emp2568
1860,emp2569
1862,emp2570
1863,emp2571
1864,emp2572
1865,emp2573
1866,emp2574
1867,emp2575
1868,emp2576
1869,emp2577
1870,emp2578
1871,emp2579
1873,emp2580
1875,emp2581
1876,emp2582
1878,emp2583
1880,emp2584
1881,emp2585
1882,emp2586
1883,emp2587
1885,emp2588
1886,emp2589
1888,emp2590
1890,emp2591
1892,emp2592
1893,emp2593
1898,emp2594
1900,emp2595
1903,emp2596
1905,emp2597
1907,emp2598
1908,emp2599
1909,emp2600
1911,emp2601
1912,emp2602
1915,emp2603
1916,emp2604
1918,emp2605
1922,emp2606
1924,emp2607
1927,emp2608
1928,emp2609
1929,emp2610
1931,emp2611
1932,emp2612
1933,emp2613
1934,emp2614
1935,emp2615
1936,emp2616
1937,emp2617
1938,emp2618
1939,emp2619
1940,emp2620
1941,emp2621
1943,emp2622
1944,emp2623
1945,emp2624
1947,emp2625
1948,emp2626
1949,emp2627
1950,emp2628
1951,emp2629
1952,emp2630
1954,emp2631
1955,emp2632
1956,emp2633
1960,emp2634
1961,emp2635
1962,emp2636
1965,emp2637
1966,emp2638
1967,emp2639
1968,emp2640
1969,emp2641
1970,emp2642
1971,emp2643
1972,emp2644
1973,emp2645
1974,emp2646
1975,emp2647
1976,emp2648
1979,emp2649
1980,emp2650
1981,emp2651
1982,emp2652
1985,emp2653
1986,emp2654
1987,emp2655
1989,emp2656
1992,emp2657
1993,emp2658
1994,emp2659
1995,emp2660
1996,emp2661
1997,emp2662
1998,emp2663
1999,emp2664
2000,emp2665
2003,emp2666
2007,emp2667
2008,emp2668
2009,emp2669
2010,emp2670
2012,emp2671
2013,emp2672
2014,emp2673
2015,emp2674
2016,emp2675
2017,emp2676
2018,emp2677
2019,emp2678
2020,emp2679
2021,emp2680
2022,emp2681
2023,emp2682
2024,emp2683
2025,emp2684
2026,emp2685
2027,emp2686
2031,emp2687
2032,emp2688
2034,emp2689
2035,emp2690
2036,emp2691
2037,emp2692
2038,emp2693
2040,emp2694
2041,emp2695
2044,emp2696
2045,emp2697
2046,emp2698
2048,emp2699
2049,emp2700
2051,emp2701
2052,emp2702
2053,emp2703
2054,emp2704
2055,emp2705
2056,emp2706
2057,emp2707
2060,emp2708
2061,emp2709
2062,emp2710
2064,emp2711
2065,emp2712
2068,emp2713
